"","RefSeq","Clust_nb","Clust_size","RefSeq_L","Average_L"
"1","A0A7S8MV32","1",2,73,79.5
"2","A0A7S8MVF3","2",1,76,76
"3","A0A7S8MVN3","3",24,93,90.375
"4","C0HJJ9","4",1,10,10
"5","C0HJT2","5",1,5,5
"6","P0DMD6","6",1,21,21
"7","P0DUS0","7",1,4,4
"8","P84190","8",1,25,25
"9","P85840","9",1,212,212
"10","P85842","10",1,86,86
"11","P85843","11",1,38,38
"12","P86270","12",5,63,61.4
"13","P86825","13",1,13,13
"14","P86826","14",1,9,9
"15","P86827","15",1,7,7
"16","P86828","16",1,8,8
"17","Q9TWR4","17",1,13,13
"18","S6D3A7","18",22,73,73.8181818181818
"19","V9Z9A3","19",4,235,235.25
"20","P0C2F3","20",1,60,60
"21","P0C8W6","21",1,46,46
"22","P0C8W7","22",1,7,7
"23","P0C8W8","23",1,18,18
"24","P0C8W9","24",1,15,15
"25","P0C8X0","25",1,15,15
"26","P0C8X1","26",1,34,34
"27","P0C8X2","27",1,15,15
"28","P0C8X3","28",1,24,24
"29","P0C8X4","29",1,15,15
"30","P0C8X6","30",4,23,23
"31","P0C8X7","31",1,15,15
"32","B3A0L5","32",2,28,28.5
"33","Q18NS7","33",5,182,178
"34","C0HL38","34",1,60,60
"35","P0DM72","35",1,10,10
"36","P0DM73","36",1,10,10
"37","P0DM74","37",1,10,10
"38","P0DJH2","38",1,53,53
"39","P0DJL1","39",1,12,12
"40","P0C6E8","40",12,435,419.916666666667
"41","P81995","41",1,33,33
"42","P0DJQ2","42",7,23,25.1428571428571
"43","P82895","43",10,24,23.5
"44","Q71RP8","44",191,148,146.832460732984
"45","W4VRV7","45",15,87,89.9333333333333
"46","W4VS46","46",21,116,114.619047619048
"47","W4VS99","47",1,722,722
"48","W4VSC2","48",10,82,83.8
"49","W4VSH9","49",1,176,176
"50","P81994","50",3,27,28.3333333333333
"51","Q4QXT9","51",13,483,462.923076923077
"52","P0DMM6","52",1,9,9
"53","P0DMM7","53",1,10,10
"54","P58930","54",2,24,24
"55","C0HKK6","55",1,17,17
"56","C0HLG4","56",1,68,68
"57","L0G8Z2","57",1,78,78
"58","L0GB04","58",4,103,99.75
"59","L0GCJ6","59",1,82,82
"60","L0GCW8","60",1,104,104
"61","A0A1X9QHL1","61",1,79,79
"62","C9EIC7","62",19,221,210.052631578947
"63","P0CG44","63",1,29,29
"64","C0HK26","64",1,74,74
"65","R4ZCU1","65",1,162,162
"66","P0C1G1","66",1,46,46
"67","Q2XXQ7","67",79,200,225.113924050633
"68","Q2XXQ8","68",2,158,153
"69","Q2XXR4","69",3,100,102.333333333333
"70","E2E4L2","70",2,99,99
"71","E2IYB3","71",1,221,221
"72","E2E4E4","72",1,113,113
"73","Q2XXL8","73",1,125,125
"74","P21654","74",1,14,14
"75","P01516","75",1,14,14
"76","P01518","76",1,13,13
"77","A0SPI0","77",1,40,40
"78","A0SPI1","78",1,65,65
"79","P0C1M2","79",1,13,13
"80","P0C1M3","80",1,13,13
"81","P0C1M5","81",3,13,13.6666666666667
"82","P0DL40","82",1,67,67
"83","P04205","83",2,14,14
"84","P17232","84",1,13,13
"85","P17236","85",1,14,14
"86","P17238","86",1,14,14
"87","Q7M3V3","87",2,139,145.5
"88","Q7M471","88",1,9,9
"89","P0C1Q7","89",1,14,14
"90","P17231","90",1,13,13
"91","C0HLL4","91",8,341,336.375
"92","P0DMB6","92",1,23,23
"93","P0DMB8","93",2,25,25
"94","P17234","94",3,13,13
"95","Q7M3T2","95",2,12,12
"96","P01514","96",1,14,14
"97","P17235","97",1,13,13
"98","P0CH89","98",1,31,31
"99","P57672","99",1,17,17
"100","B1A4F7","100",2,776,775.5
"101","P0C1Q9","101",2,15,15
"102","A0A6B7FMR5","102",1,324,324
"103","P0C8I7","103",1,15,15
"104","P0C8J2","104",1,13,13
"105","P0C8J3","105",1,11,11
"106","P0C8J4","106",2,19,19.5
"107","P0DI84","107",32,484,504.4375
"108","P0DJ44","108",1,36,36
"109","P0DJE2","109",1,184,184
"110","P67863","110",14,145,144.357142857143
"111","P31351","111",1,10,10
"112","Q7LZ24","112",3,13,14
"113","P31859","113",1,12,12
"114","P0C2D7","114",1,88,88
"115","P0DQR5","115",1,78,78
"116","C0HKQ6","116",2,17,17
"117","I7GQA7","117",1,179,179
"118","P0C1X0","118",4,18,18.25
"119","P0DM98","119",1,9,9
"120","P0DMA0","120",2,18,18
"121","P0DMA1","121",1,18,18
"122","P0DMA3","122",5,31,29.4
"123","P0DMA4","123",1,12,12
"124","P86942","124",1,11,11
"125","B3SVF0","125",2,69,69
"126","D5L5Q8","126",2,65,66
"127","P0C260","127",1,14,14
"128","P0DUQ8","128",2,71,71
"129","Q0N4U6","129",7,68,74.8571428571429
"130","P0DOW6","130",1,25,25
"131","P0DQX2","131",36,95,90.7777777777778
"132","A1X8D9","132",1,36,36
"133","P0C8U9","133",2,81,81
"134","P0C8V0","134",3,58,61.3333333333333
"135","A0A5C1ZW08","135",3,178,178
"136","C0HLM2","136",2,14,15
"137","P0C2C6","137",2,24,24
"138","P55963","138",82,68,64.1829268292683
"139","P58785","139",1,8,8
"140","P60245","140",1,24,24
"141","P86500","141",1,83,83
"142","A0A0B5ABE4","142",25,131,123.12
"143","A1X8D1","143",10,38,39.3
"144","P58809","144",86,61,62.3139534883721
"145","P58810","145",1,13,13
"146","A0A0E3SVE7","146",2,68,68
"147","P0DQM6","147",1,9,9
"148","P0DQM7","148",1,9,9
"149","P0C8U5","149",3,17,15.6666666666667
"150","A0A0R4I952","150",1,37,37
"151","A0A1P8NVU1","151",2,42,44
"152","P0C2F2","152",1,11,11
"153","P84713","153",1,13,13
"154","P84701","154",2,8,8
"155","P0C8S6","155",1,23,23
"156","P0DMB3","156",1,16,16
"157","P0DP00","157",1,22,22
"158","P0C8E1","158",2,19,19
"159","P0C8E2","159",1,19,19
"160","P0C8S5","160",1,85,85
"161","P0CH16","161",1,22,22
"162","P0CH17","162",1,29,29
"163","P0CH18","163",1,32,32
"164","P0CH19","164",6,24,25
"165","P0CH20","165",1,32,32
"166","P58926","166",1,17,17
"167","Q9BP43","167",1,36,36
"168","Q9BP55","168",1,41,41
"169","P0DOZ4","169",2,17,17
"170","P58843","170",1,25,25
"171","P0C1M8","171",1,38,38
"172","P0C1W3","172",8,93,88.875
"173","P0CG45","173",1,25,25
"174","P58804","174",1,33,33
"175","P58990","175",2,84,92.5
"176","Q7Z096","176",5,80,74.2
"177","A0A2I6EDM9","177",3,45,46.6666666666667
"178","A0A2I6EDN0","178",6,57,56.3333333333333
"179","C0HJA8","179",1,23,23
"180","P0C1D0","180",1,32,32
"181","P0DOZ3","181",1,26,26
"182","P0DPJ5","182",2,15,15
"183","P0DPJ6","183",1,17,17
"184","P0DPJ7","184",2,17,18
"185","P0DPJ8","185",1,17,17
"186","P84197","186",1,44,44
"187","P85011","187",3,12,12
"188","P85012","188",2,13,13
"189","P85016","189",4,17,17
"190","P85019","190",3,13,14.6666666666667
"191","P85020","191",2,17,18
"192","P0DL31","192",1,40,40
"193","C0KYC4","193",3,44,52.6666666666667
"194","P0C352","194",1,32,32
"195","P0C615","195",1,32,32
"196","P58805","196",2,12,13.5
"197","P85871","197",1,12,12
"198","P0DPL1","198",1,15,15
"199","P0DPM2","199",1,17,17
"200","P60207","200",1,31,31
"201","P05487","201",1,9,9
"202","P0C1X2","202",79,86,83.9620253164557
"203","P0C829","203",8,80,75.125
"204","P0C832","204",1,37,37
"205","P0CB20","205",1,123,123
"206","Q45RU7","206",1,31,31
"207","Q45RU8","207",1,44,44
"208","P0C8V2","208",4,22,22.25
"209","P0CG46","209",9,103,100.666666666667
"210","P86362","210",1,20,20
"211","Q9BP46","211",2,56,57
"212","Q9BP49","212",1,20,20
"213","Q9BPC0","213",5,66,74.4
"214","Q9BPH9","214",90,72,69.3333333333333
"215","P0DL71","215",1,8,8
"216","P0DPK8","216",1,16,16
"217","P0DPL3","217",2,16,18
"218","P0DPL4","218",1,9,9
"219","P0DPL5","219",1,11,11
"220","P0DPL6","220",1,12,12
"221","P24159","221",3,27,27
"222","P86255","222",1,8,8
"223","P86257","223",2,12,12
"224","P86259","224",3,14,14
"225","P86261","225",10,16,16.6
"226","P86263","226",1,19,19
"227","P86264","227",2,15,15
"228","Q5I4E6","228",2,82,88
"229","Q7YT83","229",2,300,294.5
"230","Q9BPB3","230",1,35,35
"231","Q9BPJ4","231",1,90,90
"232","P0DL76","232",1,9,9
"233","P17684","233",1,21,21
"234","P58915","234",2,26,26.5
"235","P58923","235",2,30,32
"236","P83047","236",1,9,9
"237","P83301","237",2,33,33.5
"238","J7JU64","238",1,68,68
"239","P0C1W7","239",1,47,47
"240","P69500","240",25,67,69.84
"241","A0A0F7YYX3","241",1,196,196
"242","A0A0F7YZI5","242",1,135,135
"243","A0A0F7YZQ7","243",1,100,100
"244","A0A0F7Z3J2","244",1,144,144
"245","G1AS76","245",52,70,77.5961538461538
"246","P0DOZ7","246",4,59,63
"247","W4VSF6","247",1,103,103
"248","W4VSG7","248",2,77,77.5
"249","W4VSM1","249",2,93,93
"250","E3PQQ8","250",1,207,207
"251","P85014","251",1,7,7
"252","P85015","252",1,7,7
"253","P85141","253",1,9,9
"254","B3FIA5","254",2,74,74.5
"255","P0C642","255",1,12,12
"256","P0DQM9","256",1,10,10
"257","P0DUC4","257",1,7,7
"258","P82601","258",6,31,34.3333333333333
"259","A0A023VZR2","259",4,206,176.75
"260","P0DPW5","260",2,119,119
"261","P0DPZ0","261",2,79,81.5
"262","P0DPZ1","262",1,74,74
"263","P0DQB2","263",6,76,76.3333333333333
"264","P0DQF0","264",1,120,120
"265","P0DQF6","265",1,73,73
"266","P0DQT4","266",1,54,54
"267","Q8WQK0","267",1,65,65
"268","G8FZS4","268",1,59,59
"269","F8S0Z7","269",3,588,568.333333333333
"270","F8S101","270",2,553,553
"271","J3RZ81","271",1,497,497
"272","J3S9D9","272",1,306,306
"273","J3SDX8","273",1,400,400
"274","J3SEZ3","274",5,851,834.2
"275","P0C7J9","275",1,11,11
"276","P0C7K0","276",1,11,11
"277","P0C7S6","277",1,10,10
"278","P0CV87","278",1,25,25
"279","P0CV89","279",1,61,61
"280","P0CV90","280",1,9,9
"281","P0CV91","281",1,36,36
"282","P0CV92","282",1,71,71
"283","P0DJ42","283",1,43,43
"284","P0DTB7","284",1,12,12
"285","Q7LZF5","285",1,75,75
"286","Q9PS48","286",2,25,27
"287","C0HJR6","287",1,29,29
"288","C0HK18","288",1,64,64
"289","C0HK19","289",1,81,81
"290","P0DKX2","290",2,10,10.5
"291","P86193","291",9,42,43.8888888888889
"292","B3EWP2","292",1,44,44
"293","C0HLL1","293",1,32,32
"294","Q6HAA2","294",9,63,65.6666666666667
"295","Q7LZJ1","295",1,12,12
"296","P0DW29","296",1,37,37
"297","B3EWY3","297",3,32,32.3333333333333
"298","C0HL88","298",2,12,13.5
"299","C0HL97","299",1,20,20
"300","P0C7K1","300",1,11,11
"301","P0C7K2","301",1,11,11
"302","P0C7K3","302",1,11,11
"303","P0C7N3","303",1,51,51
"304","P0C1X3","304",1,38,38
"305","P85030","305",2,27,27
"306","P85145","306",3,36,32.6666666666667
"307","P85235","307",1,18,18
"308","P85237","308",1,23,23
"309","P85266","309",3,23,27.3333333333333
"310","P85267","310",1,31,31
"311","P85268","311",3,30,33.6666666666667
"312","P85270","312",1,23,23
"313","P85271","313",2,24,26
"314","P85274","314",1,12,12
"315","P85275","315",1,31,31
"316","P85276","316",5,35,41.8
"317","P85277","317",1,25,25
"318","B3EWS8","318",2,48,48
"319","B3EWS9","319",1,38,38
"320","B3EWT3","320",1,51,51
"321","B3EWT4","321",1,35,35
"322","B3EWT5","322",1,86,86
"323","B3EWU5","323",2,15,15
"324","B3EWU7","324",1,9,9
"325","B3EWU8","325",2,9,9
"326","B3EWU9","326",1,24,24
"327","B3EWV0","327",1,17,17
"328","B3EWV5","328",1,20,20
"329","B3EWV7","329",6,27,27
"330","B3EWW1","330",4,20,20
"331","B3EWW2","331",1,9,9
"332","B3EWW4","332",2,17,17
"333","B3EWW5","333",8,21,20.5
"334","B3EWX3","334",1,13,13
"335","B3EWX4","335",1,12,12
"336","G4V4G1","336",1,261,261
"337","P83619","337",12,35,33.25
"338","P0DUW6","338",1,243,243
"339","P0DL32","339",1,11,11
"340","P83659","340",1,11,11
"341","P83660","341",1,16,16
"342","P83661","342",1,8,8
"343","Q90YA8","343",4,368,368
"344","P0DJJ5","344",1,54,54
"345","O93516","345",2,108,112.5
"346","Q90WC0","346",4,317,313
"347","P85038","347",1,11,11
"348","P0C590","348",12,19,20.25
"349","A0A1U9VX91","349",1,1207,1207
"350","P69835","350",1,25,25
"351","P69836","351",3,24,24
"352","P61409","352",5,81,82
"353","P0C2L4","353",11,37,37.0909090909091
"354","P0C2L8","354",4,37,36.5
"355","A0A1L1QJU3","355",4,75,75.5
"356","A0A452CSQ9","356",4,74,75.5
"357","P81885","357",5,42,42
"358","P82852","358",1,45,45
"359","Q01747","359",1,147,147
"360","P0CI06","360",1,16,16
"361","P0CI07","361",2,11,11
"362","P0CI08","362",1,23,23
"363","P0CI09","363",1,29,29
"364","P0CI10","364",1,29,29
"365","P0CI12","365",2,35,35
"366","P0CI14","366",1,88,88
"367","P0CI15","367",1,43,43
"368","P0CI16","368",1,41,41
"369","P0CI17","369",1,27,27
"370","P0CI18","370",1,31,31
"371","P0CI19","371",1,36,36
"372","P0CI20","372",1,19,19
"373","P0CI21","373",1,38,38
"374","P86330","374",1,32,32
"375","P86834","375",1,28,28
"376","P86876","376",1,32,32
"377","P0DJG8","377",1,21,21
"378","P04362","378",2,39,39
"379","Q7LZ31","379",1,33,33
"380","P04203","380",2,38,38
"381","P80003","381",2,142,142.5
"382","C6EVG2","382",5,84,85.8
"383","C6EVG7","383",1,178,178
"384","D2X5W4","384",3,182,182.666666666667
"385","P86446","385",2,10,10
"386","P0DL17","386",8,30,29.625
"387","P0DQH4","387",2,37,37
"388","A0A1L4BJ42","388",6,66,68.1666666666667
"389","A0A1L4BJ46","389",2,232,235.5
"390","P0DSN5","390",1,36,36
"391","C0HJK5","391",2,35,37.5
"392","P85505","392",2,37,38.5
"393","C0HL52","393",20,41,40
"394","P0C5G5","394",43,47,47.4883720930233
"395","P0DV04","395",49,56,58.5918367346939
"396","P0DV07","396",2,15,15
"397","P39088","397",1,54,54
"398","P58690","398",8,22,20.25
"399","D2KX91","399",38,84,82.2368421052632
"400","P0DJ41","400",1,72,72
"401","P0DJ33","401",6,62,63
"402","P0DJ35","402",4,61,65.25
"403","P0DMF0","403",1,13,13
"404","P0DMI8","404",4,74,74
"405","P83655","405",2,23,23
"406","P83717","406",1,22,22
"407","P83718","407",1,22,22
"408","P0DV96","408",10,74,79.2
"409","P61790","409",20,36,30.15
"410","C0HKD0","410",2,37,38.5
"411","M1E1F1","411",3,72,72.3333333333333
"412","P85975","412",1,19,19
"413","P82656","413",3,41,43
"414","P0C8X8","414",1,66,66
"415","P0C8X9","415",1,67,67
"416","P15967","416",2,36,36
"417","F1CJ89","417",1,45,45
"418","P83405","418",11,28,28.5454545454545
"419","O96669","419",1,45,45
"420","Q9BN12","420",2,35,35
"421","P59866","421",1,34,34
"422","Q564A5","422",4,244,237.5
"423","A0A8B6XDS4","423",6,203,184.166666666667
"424","P0DQV6","424",1,302,302
"425","P17237","425",1,13,13
"426","P0DUU8","426",1,10,10
"427","P0DUU9","427",1,11,11
"428","C0HL57","428",1,16,16
"429","C0HL58","429",2,25,25
"430","P0CF38","430",1,56,56
"431","P0DJL0","431",7,57,62.7142857142857
"432","R4GUQ3","432",1,54,54
"433","Q5UB45","433",1,72,72
"434","Q202J4","434",1,364,364
"435","Q4PMX3","435",4,60,60
"436","Q4PN35","436",1,88,88
"437","P60979","437",1,74,74
"438","B3EWF2","438",2,85,85.5
"439","B3EWF6","439",3,108,109.333333333333
"440","C0HJV3","440",2,69,69.5
"441","C0HJV5","441",1,79,79
"442","C0HJV6","442",1,124,124
"443","C0HJV7","443",2,121,121
"444","P0CAZ9","444",16,135,128.9375
"445","Q1ELU1","445",3,84,85.3333333333333
"446","Q1ELU3","446",4,82,88.5
"447","Q1ELU5","447",2,207,193
"448","Q1ELU8","448",2,116,116
"449","B3EWP6","449",9,60,57.5555555555556
"450","C0HLA4","450",6,40,41.3333333333333
"451","C0HK44","451",3,15,15
"452","P0DJE5","452",1,151,151
"453","P0DJE6","453",1,71,71
"454","P0DJE7","454",1,147,147
"455","P0DJE4","455",1,202,202
"456","Q25338","456",9,1214,1370.77777777778
"457","Q4U4N3","457",9,88,89.6666666666667
"458","P45661","458",1,14,14
"459","P84774","459",2,9,9
"460","P0DQS4","460",9,31,30.5555555555556
"461","C7G3K3","461",12,80,87.4166666666667
"462","P0C5F2","462",1,36,36
"463","P0C5F3","463",1,73,73
"464","Q1HLC0","464",1,413,413
"465","Q5ECE3","465",1,201,201
"466","P0DKP1","466",4,102,103.25
"467","P0DKM9","467",2,45,46
"468","P0CI13","468",1,88,88
"469","P0DKM2","469",1,70,70
"470","P0DKM3","470",1,82,82
"471","P0DKM4","471",1,37,37
"472","P0DKM5","472",2,95,97
"473","P0DKN0","473",1,74,74
"474","P0DKN1","474",1,74,74
"475","P0DKN3","475",2,83,83
"476","P0DKN4","476",1,49,49
"477","P0DKN5","477",1,34,34
"478","P0DKN6","478",1,26,26
"479","P0DKN7","479",1,26,26
"480","P0DKN8","480",1,82,82
"481","P0DKN9","481",1,114,114
"482","P0DKP4","482",1,127,127
"483","Q7Z1N0","483",1,161,161
"484","P0C2K2","484",1,40,40
"485","P0C2K4","485",2,36,36
"486","P0C2K5","486",1,7,7
"487","P0C2K6","487",1,35,35
"488","P0C2K7","488",1,8,8
"489","P0C2K8","489",1,7,7
"490","P0C2K9","490",1,9,9
"491","P0DM62","491",1,186,186
"492","P69502","492",1,71,71
"493","C9D7R2","493",4,256,262.5
"494","G3LU44","494",5,172,172
"495","Q27Q53","495",1,81,81
"496","Q6B4T3","496",2,86,86
"497","Q6B4T5","497",2,101,103
"498","P0C2L1","498",5,30,33.2
"499","P0DM61","499",1,114,114
"500","P0DJJ1","500",1,16,16
"501","P61898","501",4,116,116.25
"502","P81714","502",2,99,105
"503","P85429","503",1,15,15
"504","P0DUG4","504",1,48,48
"505","P84804","505",1,14,14
"506","C0HJW9","506",1,33,33
"507","P0DSM9","507",11,53,63.5454545454545
"508","P82885","508",1,108,108
"509","P84803","509",1,23,23
"510","B3EWR3","510",1,10,10
"511","P86539","511",2,30,30
"512","P86544","512",1,26,26
"513","P86545","513",11,36,37.8181818181818
"514","P60589","514",1,51,51
"515","P0DI91","515",1,95,95
"516","P0DJJ4","516",1,22,22
"517","Q7LZG1","517",1,181,181
"518","A0A7M6UNN1","518",1,80,80
"519","A7RJ12","519",1,355,355
"520","A7RJ13","520",1,432,432
"521","A7RMN1","521",2,84,87
"522","A7SXG9","522",2,313,341.5
"523","P0DQR6","523",1,79,79
"524","P0DSL5","524",1,34,34
"525","P0DV15","525",1,23,23
"526","P0DV16","526",1,25,25
"527","P82414","527",11,30,29.3636363636364
"528","P82419","528",2,18,18.5
"529","P82425","529",10,26,24.8
"530","P0DSJ3","530",3,24,24
"531","P0DSM3","531",2,20,20
"532","P0CY52","532",1,20,20
"533","P0DL19","533",3,22,22
"534","Q7LZG5","534",2,20,20
"535","C0HLR8","535",1,64,64
"536","A0A348G5W2","536",1,81,81
"537","A0A348G6I9","537",4,68,74.25
"538","A0A348G6J0","538",3,61,62.6666666666667
"539","A0A348G6J1","539",2,72,68
"540","A0A4V8GZX0","540",37,33,34
"541","Q9PRZ1","541",1,10,10
"542","D9IX98","542",2,210,210
"543","I2C090","543",5,1641,1647.6
"544","P0C8J1","544",1,13,13
"545","P83234","545",4,190,205
"546","C5J891","546",1,53,53
"547","C5J894","547",2,75,75
"548","C5J896","548",1,67,67
"549","P86105","549",1,14,14
"550","P86106","550",2,24,25
"551","P86107","551",1,11,11
"552","P86108","552",1,13,13
"553","P86109","553",1,21,21
"554","P86111","554",1,7,7
"555","P86112","555",1,18,18
"556","P86113","556",1,16,16
"557","P86114","557",1,20,20
"558","P86117","558",1,13,13
"559","P86118","559",1,16,16
"560","P86119","560",1,16,16
"561","P86120","561",1,27,27
"562","P86121","562",1,15,15
"563","P0C1Z4","563",2,23,25
"564","Q5VJS9","564",1,61,61
"565","P86146","565",3,79,72.6666666666667
"566","C1KIY9","566",4,79,82.5
"567","C1KIZ4","567",4,68,69.75
"568","P85870","568",1,11,11
"569","Q8MVZ3","569",2,82,82
"570","Q8WPG5","570",2,134,126.5
"571","P36235","571",1,60,60
"572","Q04669","572",2,171,169.5
"573","P0C8B1","573",1,68,68
"574","P0C8B2","574",3,66,66
"575","P82141","575",1,38,38
"576","P84715","576",1,121,121
"577","P83244","577",1,28,28
"578","P0CD70","578",1,17,17
"579","Q5I4B8","579",7,165,179.142857142857
"580","A0A330KW27","580",7,79,78.5714285714286
"581","P0C8M0","581",1,69,69
"582","C0HLF5","582",3,48,48
"583","C0HLG1","583",3,25,25.6666666666667
"584","F8J4S0","584",1,77,77
"585","P83249","585",4,37,37
"586","P83288","586",1,123,123
"587","P86719","587",4,171,168.5
"588","P0DJ63","588",1,17,17
"589","P83952","589",1,50,50
"590","Q58L90","590",4,1460,1459.5
"591","P0DKT7","591",1,20,20
"592","P0DKT8","592",1,10,10
"593","P0DKU0","593",1,30,30
"594","P0CJ35","594",1,28,28
"595","P83228","595",1,111,111
"596","Q7LZG2","596",7,27,28.8571428571429
"597","C0HKB2","597",1,33,33
"598","C0HKB3","598",1,28,28
"599","P55927","599",1,47,47
"600","P84464","600",1,4,4
"601","P84465","601",1,4,4
"602","P0C5J6","602",2,17,18.5
"603","P0C5J7","603",1,14,14
"604","P0C5J8","604",1,17,17
"605","P60271","605",1,25,25
"606","P83312","606",1,45,45
"607","P60164","607",3,37,36.6666666666667
"608","P42716","608",1,14,14
"609","P42717","609",1,13,13
"610","P42718","610",1,13,13
"611","P41736","611",1,25,25
"612","P81861","612",5,33,33
"613","P81863","613",1,10,10
"614","P81864","614",1,5,5
"615","P58606","615",3,34,35
"616","Q7LZ53","616",2,14,15
"617","Q7LZ54","617",3,9,9
"618","P86035","618",1,9,9
"619","P86157","619",2,11,11
"620","P86628","620",3,8,8
"621","P86631","621",7,11,11
"622","A7X4K1","622",1,134,134
"623","P85099","623",3,14,14.6666666666667
"624","P85103","624",1,10,10
"625","P83895","625",1,45,45
"626","P83896","626",4,44,48
"627","P84062","627",2,78,79
"628","P84063","628",1,30,30
"629","P85860","629",1,147,147
"630","P86274","630",1,32,32
"631","O76198","631",1,115,115
"632","P0C2S9","632",2,76,80
"633","P17727","633",1,112,112
"634","P29425","634",38,82,83.078947368421
"635","P29426","635",1,32,32
"636","P31010","636",1,19,19
"637","P81789","637",1,34,34
"638","P83998","638",1,35,35
"639","P84032","639",1,128,128
"640","P84034","640",1,48,48
"641","P85031","641",1,225,225
"642","P86297","642",1,14,14
"643","P86298","643",1,7,7
"644","P86300","644",2,8,8
"645","P86302","645",2,9,9
"646","Q75WF2","646",1,358,358
"647","P86522","647",1,35,35
"648","P86525","648",1,20,20
"649","P0DV32","649",24,103,112.75
"650","C0H691","650",1,79,79
"651","Q3C256","651",2,83,83
"652","Q3C258","652",2,70,71
"653","A0A6P8HC43","653",1,285,285
"654","P0DM22","654",2,17,17
"655","P0DQJ2","655",1,28,28
"656","Q8WS88","656",168,156,130.785714285714
"657","P0CF14","657",1,44,44
"658","Q5Y4U3","658",3,110,113.333333333333
"659","Q5Y4U4","659",1,99,99
"660","Q5Y4U5","660",1,68,68
"661","Q5Y4V8","661",16,71,71.9375
"662","Q5Y4W0","662",1,74,74
"663","Q5Y4W7","663",22,70,69.2727272727273
"664","P15970","664",1,36,36
"665","P30288","665",1,48,48
"666","P37045","666",5,83,83
"667","P81744","667",2,76,76
"668","P81745","668",8,43,42.25
"669","Q9TWH3","669",1,18,18
"670","P85025","670",3,11,11
"671","B8QCG6","671",2,190,179
"672","P0CC16","672",1,19,19
"673","P0C7R6","673",1,10,10
"674","P31328","674",1,35,35
"675","A9XDG0","675",5,87,87
"676","A9XDG5","676",2,62,63.5
"677","B3EWH0","677",2,64,66.5
"678","P86269","678",3,35,32.3333333333333
"679","A0A1W6EVN2","679",2,50,50
"680","A0A1W6EVN4","680",1,30,30
"681","P84001","681",1,50,50
"682","Q962V9","682",1,198,198
"683","C0HLZ5","683",1,4,4
"684","Q4LCT1","684",5,75,79.6
"685","E7BLC7","685",54,84,85.8148148148148
"686","P0C2A0","686",1,23,23
"687","P0C2A1","687",1,28,28
"688","P0C2A2","688",1,26,26
"689","P0C911","689",1,16,16
"690","P31719","690",4,31,31
"691","P69945","691",2,59,59
"692","P01535","692",1,27,27
"693","Q9TWG1","693",5,36,36.8
"694","C3TS08","694",5,72,69.4
"695","P0DL61","695",1,64,64
"696","P0DMY1","696",14,76,77.3571428571429
"697","P0DMZ3","697",5,79,80.2
"698","P0DN04","698",1,86,86
"699","C0HJY7","699",4,18,17.5
"700","C0HJY9","700",1,19,19
"701","C0HJZ0","701",2,18,18
"702","A6P331","702",1,114,114
"703","P0C005","703",1,10,10
"704","P69391","704",1,56,56
"705","P0C022","705",1,14,14
"706","P69929","706",1,233,233
"707","P0C166","707",5,35,35.2
"708","Q5MJP5","708",3,90,78
"709","Q6PXP0","709",5,157,160.6
"710","A0A0K1YW63","710",1,115,115
"711","A0A2R4SV19","711",2,87,89.5
"712","P68407","712",8,70,70.875
"713","Q7YWB0","713",7,77,77
"714","P01504","714",2,26,26
"715","C0HLU0","715",1,25,25
"716","C9WMM5","716",1,467,467
"717","H9KQJ7","717",1,74,74
"718","P01500","718",4,46,48
"719","P56587","719",1,21,21
"720","Q5BLY5","720",1,388,388
"721","Q8MQS8","721",1,405,405
"722","Q5EF78","722",2,223,223
"723","P86163","723",1,26,26
"724","P49268","724",3,37,38.3333333333333
"725","P49271","725",1,32,32
"726","Q8T3S6","726",1,64,64
"727","Q8T3S7","727",1,80,80
"728","Q09JW4","728",2,87,97
"729","P84823","729",1,12,12
"730","P84825","730",11,9,9
"731","P84832","731",1,10,10
"732","P83451","732",1,40,40
"733","P0C7K4","733",3,24,26
"734","P13208","734",1,543,543
"735","P13211","735",2,21,21
"736","P0DJK1","736",2,118,118
"737","Q6RY98","737",1,351,351
"738","Q9BJV8","738",4,100,101
"739","B2BS84","739",1,252,252
"740","A8S6B3","740",25,39,38.8
"741","B5KGY9","741",142,75,82.6830985915493
"742","P59066","742",1,17,17
"743","P81991","743",1,46,46
"744","B3EWQ0","744",15,38,40.8666666666667
"745","B3EWH2","745",1,21,21
"746","P59891","746",1,30,30
"747","P0DUV0","747",1,11,11
"748","P69392","748",1,13,13
"749","P0C8I8","749",1,12,12
"750","P0DKT6","750",1,35,35
"751","P83906","751",4,191,197.75
"752","Q6T269","752",1,151,151
"753","Q6T627","753",1,60,60
"754","Q6T6T2","754",18,128,115.888888888889
"755","P0DV80","755",1,12,12
"756","P86497","756",1,89,89
"757","P0C2P6","757",1,54,54
"758","P0C603","758",1,47,47
"759","A0S864","759",6,109,110.666666666667
"760","P83055","760",1,114,114
"761","P83082","761",3,144,144
"762","Q7T3L1","762",1,294,294
"763","Q8JFE6","763",18,96,94
"764","P83059","764",1,161,161
"765","P83060","765",3,167,175.666666666667
"766","P83057","766",2,96,96.5
"767","B5U2W0","767",1,360,360
"768","P0CD69","768",3,19,19
"769","P04567","769",1,28,28
"770","P07495","770",1,17,17
"771","P07496","771",1,17,17
"772","P10521","772",3,17,17
"773","P0CH88","773",1,20,20
"774","P82971","774",5,136,141.4
"775","P0DJH4","775",1,31,31
"776","C0HJW8","776",1,41,41
"777","C0HL51","777",1,54,54
"778","P0DJG3","778",1,119,119
"779","P0C7B1","779",1,62,62
"780","P0C7J7","780",1,11,11
"781","P0DI86","781",2,18,18.5
"782","P0DJC9","782",2,62,62
"783","P84035","783",1,63,63
"784","B3A0N1","784",1,15,15
"785","P0DJE1","785",1,24,24
"786","P0DM53","786",1,77,77
"787","P86721","787",1,12,12
"788","P86976","788",21,202,204.047619047619
"789","P0DUN4","789",5,92,98
"790","P0DJK3","790",1,10,10
"791","P0DJK4","791",1,11,11
"792","P0DKZ3","792",1,7,7
"793","P0DKZ4","793",1,8,8
"794","P0DMG7","794",1,21,21
"795","P0DMH2","795",2,15,16.5
"796","C0HJQ0","796",1,32,32
"797","P0DJK7","797",1,10,10
"798","P0DKZ7","798",5,12,10.8
"799","P0DKZ8","799",1,7,7
"800","P0DL08","800",2,18,18
"801","P0DMG9","801",2,15,15
"802","P0DMH4","802",1,20,20
"803","P0DV82","803",12,45,45.9166666666667
"804","P30424","804",1,11,11
"805","P30426","805",1,10,10
"806","Q8AY75","806",9,156,156
"807","P01022","807",1,10,10
"808","P0C6S6","808",1,47,47
"809","P0C7A9","809",2,60,64.5
"810","P0C7J8","810",1,11,11
"811","P0DI88","811",5,37,34.8
"812","P0DJK6","812",1,11,11
"813","P0DL01","813",2,11,11
"814","P0DL02","814",5,13,12.2
"815","P0DL03","815",2,12,12
"816","P0DL04","816",1,11,11
"817","P0DL05","817",1,11,11
"818","P0DM54","818",1,12,12
"819","P22028","819",1,25,25
"820","P31989","820",3,161,154.333333333333
"821","P84026","821",1,15,15
"822","P85160","822",1,7,7
"823","P85162","823",1,12,12
"824","P85163","824",1,14,14
"825","P85168","825",1,12,12
"826","P85169","826",7,13,13
"827","Q0NZX7","827",5,97,92.2
"828","Q0NZX8","828",11,196,193.454545454545
"829","Q98UF9","829",74,606,569.432432432432
"830","Q9PRZ0","830",1,15,15
"831","P0CAR8","831",1,21,21
"832","P0DJE8","832",1,10,10
"833","P0DJF0","833",1,22,22
"834","P0DV78","834",1,116,116
"835","P84745","835",1,11,11
"836","Q7T1M3","836",1,144,144
"837","Q90W38","837",31,241,242.129032258065
"838","P0DJ86","838",158,231,254.215189873418
"839","P0DJJ6","839",1,9,9
"840","P86092","840",1,324,324
"841","B3EWI9","841",1,31,31
"842","P0DKR0","842",1,33,33
"843","P84747","843",2,12,12
"844","P0C7S1","844",1,10,10
"845","P0C7S3","845",1,11,11
"846","P0C7S4","846",1,9,9
"847","P0C7S5","847",1,11,11
"848","P0C6S0","848",1,83,83
"849","P0DM49","849",12,35,40.75
"850","P0C2D1","850",3,49,53
"851","P86337","851",1,13,13
"852","P86338","852",1,12,12
"853","P86339","853",1,9,9
"854","P86340","854",1,9,9
"855","P86341","855",1,9,9
"856","P86342","856",1,12,12
"857","P86343","857",1,11,11
"858","P86344","858",1,10,10
"859","P81782","859",7,63,63.4285714285714
"860","P81993","860",1,67,67
"861","P84473","861",3,15,15
"862","P84474","862",1,14,14
"863","P84475","863",3,14,14.3333333333333
"864","B3EWQ8","864",1,16,16
"865","Q92035","865",4,606,569.25
"866","D5J9S0","866",5,148,142.2
"867","Q9PTA2","867",1,28,28
"868","C0HJC4","868",1,50,50
"869","P86468","869",1,45,45
"870","P58305","870",1,21,21
"871","P86466","871",3,27,28.3333333333333
"872","P86469","872",1,29,29
"873","G0W2I0","873",5,74,74.2
"874","Q9TWD3","874",1,21,21
"875","B8XH40","875",23,91,93.2173913043478
"876","B8XH47","876",7,62,62
"877","C0HLZ7","877",1,17,17
"878","C0HM60","878",1,39,39
"879","P04097","879",1,24,24
"880","P0DL62","880",1,39,39
"881","P0DQU9","881",1,14,14
"882","P83108","882",1,35,35
"883","Q8MTX1","883",1,102,102
"884","A6YR42","884",7,84,85.5714285714286
"885","A9UH01","885",14,43,44.4285714285714
"886","D2Y102","886",3,68,68
"887","D2Y169","887",3,76,76
"888","D2Y172","888",1,66,66
"889","D2Y3T1","889",1,65,65
"890","D2Y3T4","890",5,52,52.4
"891","D2Y493","891",1,78,78
"892","D2Y494","892",1,52,52
"893","D2Y4A1","893",5,35,35.2
"894","D3JWK3","894",4,55,54.5
"895","D3JWK7","895",3,92,94.6666666666667
"896","D3JYA6","896",2,131,131
"897","D6C4H5","897",1,60,60
"898","D6C4H6","898",1,28,28
"899","D6C4I4","899",1,36,36
"900","D6C4I5","900",2,63,70
"901","D6C4I6","901",1,124,124
"902","D6C4J2","902",1,20,20
"903","D6C4J3","903",2,59,60
"904","D6C4J4","904",1,39,39
"905","D6C4J6","905",1,39,39
"906","D6C4J7","906",1,73,73
"907","D6C4J8","907",1,78,78
"908","D6C4J9","908",1,28,28
"909","D6C4K3","909",1,70,70
"910","D6C4K4","910",1,45,45
"911","D6C4K6","911",1,35,35
"912","D6C4L1","912",1,76,76
"913","D6C4L9","913",1,73,73
"914","D6C4M1","914",4,79,79.25
"915","G1C1T0","915",5,67,68.2
"916","P0CI41","916",1,13,13
"917","P0DJB3","917",1,12,12
"918","P0DJB4","918",1,31,31
"919","P0DJB5","919",1,32,32
"920","P0DJB6","920",1,44,44
"921","P0DJB7","921",1,28,28
"922","P0DJB9","922",1,23,23
"923","P0DJC0","923",1,34,34
"924","P0DTX2","924",3,62,63
"925","P0DTX5","925",1,55,55
"926","P0DTX6","926",1,74,74
"927","P0DTX9","927",5,54,55.8
"928","P0DTY0","928",6,47,52.1666666666667
"929","P0DTY1","929",1,50,50
"930","P0DTZ0","930",4,63,61.5
"931","P0DTZ1","931",7,60,58.2857142857143
"932","P0DUA2","932",1,55,55
"933","P0DUA6","933",4,39,39
"934","P60976","934",4,80,79
"935","P49127","935",2,79,79
"936","P24742","936",1,41,41
"937","P0DW50","937",1,15,15
"938","P0DW51","938",1,11,11
"939","Q9GV72","939",7,450,458.285714285714
"940","A7X4T8","940",1,116,116
"941","E2E4F7","941",1,185,185
"942","Q86QV4","942",28,43,42.9285714285714
"943","P59851","943",2,20,21.5
"944","P0DL69","944",1,29,29
"945","P60264","945",3,29,27.6666666666667
"946","A0A5H1ZR48","946",2,27,27
"947","P60265","947",1,14,14
"948","Q86QT3","948",1,62,62
"949","C0HJW4","949",7,32,32.5714285714286
"950","A8YPR9","950",6,302,276.5
"951","P0DPS4","951",131,120,128.839694656489
"952","P0DQH9","952",1,172,172
"953","P81038","953",1,98,98
"954","Q9PRM8","954",1,27,27
"955","Q9PS28","955",1,33,33
"956","D8VNT0","956",4,345,346
"957","P01526","957",2,55,55
"958","P01527","958",8,95,92.875
"959","P0DJO5","959",1,62,62
"960","P0DM57","960",1,66,66
"961","P0DMF5","961",1,72,72
"962","P0DMF9","962",1,64,64
"963","P0DMG0","963",1,71,71
"964","P0DME5","964",1,17,17
"965","P0DTK0","965",1,18,18
"966","C0HKG4","966",1,20,20
"967","C0HKG7","967",5,183,181.2
"968","Q7M3V1","968",1,246,246
"969","Q3YAU5","969",1,103,103
"970","B1P1A2","970",1,55,55
"971","B1P1A7","971",69,87,85.5507246376812
"972","B1P1B4","972",8,64,66
"973","B1P1B9","973",33,63,67.8484848484848
"974","B1P1H0","974",1,50,50
"975","B1P1H3","975",11,83,87.8181818181818
"976","B1P1H9","976",1,103,103
"977","B1P1I6","977",10,110,115.4
"978","B1P1I8","978",2,50,50
"979","B1P1J1","979",3,124,124
"980","B1P1J2","980",1,134,134
"981","B1P1J3","981",17,134,140.294117647059
"982","B1P1J4","982",1,134,134
"983","P0C1C9","983",1,28,28
"984","P0DM34","984",1,71,71
"985","P84698","985",1,34,34
"986","P0DOZ1","986",1,27,27
"987","A3DT44","987",1,41,41
"988","P0CAQ2","988",3,52,52.6666666666667
"989","A0A3G3C7T2","989",1,61,61
"990","A0A3G3C7T9","990",2,65,69.5
"991","A0A3G3C7W0","991",1,58,58
"992","P0DUU1","992",1,9,9
"993","P0DUU2","993",1,11,11
"994","P0DUU3","994",1,11,11
"995","P0DUU4","995",1,11,11
"996","P83390","996",1,27,27
"997","P84706","997",3,27,27.3333333333333
"998","P84707","998",7,122,117
"999","C0HKY3","999",2,11,11
"1000","C0HKY4","1000",1,11,11
"1001","C0HKY5","1001",1,10,10
"1002","C0HKY6","1002",1,16,16
"1003","C0HKY7","1003",1,17,17
"1004","C0HKY8","1004",13,16,16.2307692307692
"1005","C0HKZ1","1005",1,16,16
"1006","C0HKZ3","1006",1,16,16
"1007","P0CI22","1007",1,12,12
"1008","P0CI23","1008",2,11,11
"1009","P0DPQ0","1009",1,10,10
"1010","P0DPQ1","1010",1,10,10
"1011","P0C607","1011",12,75,78
"1012","Q9BP50","1012",1,39,39
"1013","Q9BP67","1013",23,79,78.5217391304348
"1014","Q9BP83","1014",221,81,76.5022624434389
"1015","P0DOZ8","1015",4,15,15
"1016","P0DOZ9","1016",1,17,17
"1017","P58849","1017",2,11,11
"1018","P0DL39","1018",1,16,16
"1019","P0DOZ2","1019",1,18,18
"1020","P0CE74","1020",4,18,17.5
"1021","P0DQQ7","1021",1,10,10
"1022","P0DTJ7","1022",1,68,68
"1023","A0A068B409","1023",1,40,40
"1024","P0C609","1024",4,36,37.5
"1025","P0CJ23","1025",2,37,37
"1026","P0DP19","1026",3,10,10
"1027","P58625","1027",1,30,30
"1028","P81727","1028",1,27,27
"1029","P0C8U3","1029",1,13,13
"1030","P0CY68","1030",4,47,50.75
"1031","P0CY69","1031",1,62,62
"1032","P0CY72","1032",1,80,80
"1033","P0CY74","1033",1,29,29
"1034","P0CY76","1034",1,36,36
"1035","P0CY81","1035",1,59,59
"1036","P0CY84","1036",24,63,62.5833333333333
"1037","P0C1C8","1037",1,31,31
"1038","P0C6S2","1038",1,27,27
"1039","P0DM45","1039",1,23,23
"1040","P0DQH8","1040",2,12,12
"1041","B0L0Y6","1041",1,107,107
"1042","B2CS62","1042",1,35,35
"1043","B4YSU8","1043",1,74,74
"1044","P0DQN0","1044",1,14,14
"1045","P0DQQ5","1045",1,21,21
"1046","P58919","1046",8,26,27
"1047","I0CME7","1047",14,448,435.428571428571
"1048","I1SB07","1048",9,22,22.1111111111111
"1049","P0DJL6","1049",1,14,14
"1050","P0DKP8","1050",3,50,56.6666666666667
"1051","P0DKQ7","1051",1,146,146
"1052","P0DKQ8","1052",1,248,248
"1053","P58928","1053",2,30,32
"1054","P0DUC5","1054",1,6,6
"1055","C7T1P4","1055",4,26,26
"1056","P0C252","1056",1,39,39
"1057","D4HRK4","1057",2,61,65.5
"1058","P58783","1058",2,30,30
"1059","P60513","1059",1,32,32
"1060","P0C255","1060",1,44,44
"1061","P0C611","1061",21,46,44.3809523809524
"1062","P0DP10","1062",6,15,14.6666666666667
"1063","P0DP12","1063",1,13,13
"1064","P0DP13","1064",1,8,8
"1065","P0DP14","1065",1,8,8
"1066","V5V893","1066",2,76,81.5
"1067","P0DPQ2","1067",1,8,8
"1068","P0DW83","1068",1,38,38
"1069","P01520","1069",5,13,13.8
"1070","P05486","1070",7,128,135.142857142857
"1071","P58844","1071",1,29,29
"1072","X5IXY8","1072",18,93,80.3333333333333
"1073","P0DOZ6","1073",1,18,18
"1074","Q9GU57","1074",6,88,90.3333333333333
"1075","A0A125S9D9","1075",3,83,87.6666666666667
"1076","A0A125S9E1","1076",2,62,62.5
"1077","A0A125S9E4","1077",5,72,71.4
"1078","A0A125S9E9","1078",1,91,91
"1079","A0A125S9F2","1079",1,90,90
"1080","A0A125S9F9","1080",1,124,124
"1081","A0A125S9G2","1081",1,75,75
"1082","A0A125S9G3","1082",1,74,74
"1083","H8Y1U0","1083",1,58,58
"1084","P0CH39","1084",3,71,69.3333333333333
"1085","P0DUB0","1085",1,73,73
"1086","P58803","1086",1,7,7
"1087","Q8I6R5","1087",2,17,17
"1088","P0C249","1088",1,8,8
"1089","P0DUQ9","1089",1,9,9
"1090","D4HRK7","1090",1,37,37
"1091","P0C195","1091",1,22,22
"1092","A1X8D6","1092",13,37,39.7692307692308
"1093","P0DP17","1093",1,8,8
"1094","P0DUC3","1094",1,9,9
"1095","D2DGD9","1095",2,81,82
"1096","Q1A3Q1","1096",27,69,68.8518518518518
"1097","Q2I2P4","1097",1,73,73
"1098","Q2I2R5","1098",6,64,66.1666666666667
"1099","P0DUC6","1099",1,8,8
"1100","P0DUC7","1100",1,8,8
"1101","P0DUC8","1101",1,7,7
"1102","P0C612","1102",1,38,38
"1103","P0DM15","1103",1,32,32
"1104","P0DQM8","1104",1,22,22
"1105","P69756","1105",6,32,31.3333333333333
"1106","Q9TWL8","1106",1,42,42
"1107","Q9TWL9","1107",1,77,77
"1108","P0DPG6","1108",1,77,77
"1109","D2Y236","1109",142,86,85.7535211267606
"1110","D2Y2A0","1110",20,90,89.85
"1111","P0CH59","1111",1,26,26
"1112","P0CH71","1112",1,31,31
"1113","P0CH74","1113",1,30,30
"1114","P0CH75","1114",4,33,35
"1115","P0CH76","1115",2,30,31
"1116","B3FIU2","1116",5,74,74
"1117","P0CH43","1117",1,79,79
"1118","P68420","1118",3,41,42
"1119","P68423","1119",1,34,34
"1120","P0DJL4","1120",1,107,107
"1121","P0DMV6","1121",2,20,20
"1122","P86529","1122",2,17,18
"1123","P86533","1123",2,19,19
"1124","P86535","1124",2,20,20
"1125","P86536","1125",1,19,19
"1126","P86537","1126",1,10,10
"1127","P0DJH5","1127",1,25,25
"1128","P0DJP5","1128",1,18,18
"1129","P0DL42","1129",4,109,109.75
"1130","P18999","1130",1,22,22
"1131","P85039","1131",1,23,23
"1132","P85040","1132",1,18,18
"1133","P85041","1133",1,11,11
"1134","P85042","1134",1,15,15
"1135","P0CC11","1135",1,20,20
"1136","P0DJG7","1136",15,15,16.0666666666667
"1137","P0DJH3","1137",1,10,10
"1138","P86348","1138",1,20,20
"1139","Q7LZ26","1139",1,12,12
"1140","Q9IAY4","1140",3,357,378
"1141","P01408","1141",9,63,63.1111111111111
"1142","P0DJ96","1142",1,19,19
"1143","P28374","1143",1,38,38
"1144","P60236","1144",2,40,40
"1145","Q8QGP7","1145",1,53,53
"1146","Q9PS09","1146",2,30,30
"1147","A0A4P1LYC9","1147",13,57,59.9230769230769
"1148","P25687","1148",1,81,81
"1149","P0DV97","1149",1,47,47
"1150","K9IMD0","1150",1,708,708
"1151","P49126","1151",1,94,94
"1152","P55816","1152",2,58,59.5
"1153","P0CF03","1153",1,18,18
"1154","P0CF04","1154",1,9,9
"1155","C0HJH6","1155",6,28,28.8333333333333
"1156","C0HJK0","1156",1,20,20
"1157","C0HJK1","1157",1,9,9
"1158","C0HJK2","1158",1,9,9
"1159","C0HJK3","1159",1,9,9
"1160","C0HJK4","1160",1,11,11
"1161","P0DSI2","1161",2,379,362.5
"1162","P0DSK2","1162",1,69,69
"1163","P0DSL6","1163",1,53,53
"1164","P0DMZ2","1164",2,31,31.5
"1165","A0A3G5BIB4","1165",2,69,69
"1166","A0A3G5BIC2","1166",1,80,80
"1167","A0A3G5BID2","1167",1,202,202
"1168","P0DUS3","1168",2,35,35
"1169","P0DUS4","1169",1,36,36
"1170","P0DUS5","1170",2,57,58.5
"1171","P0DUS8","1171",1,59,59
"1172","P0DUS9","1172",1,59,59
"1173","P0DUT0","1173",1,46,46
"1174","P0DUT1","1174",1,36,36
"1175","P0DUT2","1175",1,158,158
"1176","P0DUT3","1176",1,29,29
"1177","P0DUT4","1177",1,35,35
"1178","P0DUT5","1178",1,37,37
"1179","P0DUT6","1179",1,66,66
"1180","F8J2B3","1180",42,108,92.6666666666667
"1181","P83658","1181",57,64,69.3684210526316
"1182","Q9PRP7","1182",6,30,29
"1183","Q9PRP9","1183",1,32,32
"1184","P17347","1184",1,186,186
"1185","P81797","1185",1,27,27
"1186","Q18DC8","1186",2,395,395
"1187","C0HK45","1187",2,27,27.5
"1188","C0HK46","1188",1,24,24
"1189","P0DSK8","1189",3,40,39
"1190","P0DSL2","1190",3,36,37.3333333333333
"1191","P49344","1191",1,34,34
"1192","Q3LX99","1192",4,300,299.25
"1193","P0DPE6","1193",1,83,83
"1194","P0DPE7","1194",1,53,53
"1195","O46168","1195",3,68,68
"1196","P0C6S4","1196",14,49,47.7857142857143
"1197","A7X4L4","1197",4,60,69.75
"1198","A0A023VZM6","1198",6,78,77
"1199","A0A023W145","1199",2,88,88
"1200","P0DPW6","1200",1,68,68
"1201","P0DPX4","1201",1,70,70
"1202","P0DPX8","1202",7,125,128
"1203","P0DQC7","1203",5,130,125.6
"1204","P0DQE4","1204",3,130,140.666666666667
"1205","P0DQE7","1205",1,107,107
"1206","P0DQF5","1206",1,135,135
"1207","P0DQF7","1207",1,87,87
"1208","P0DQF8","1208",1,59,59
"1209","P0DQF9","1209",1,103,103
"1210","P0DQG0","1210",1,66,66
"1211","P0DQG1","1211",1,120,120
"1212","P0DQG2","1212",5,111,108
"1213","P0DQG5","1213",1,119,119
"1214","P0DQG7","1214",6,95,101.666666666667
"1215","B5AJT2","1215",3,431,416
"1216","D1MEI8","1216",3,63,63
"1217","D1MEI9","1217",3,49,51
"1218","D1MEJ2","1218",1,56,56
"1219","D1MEJ3","1219",1,62,62
"1220","P0CJ36","1220",1,15,15
"1221","P0CJ38","1221",2,14,14
"1222","P0C931","1222",2,15,15
"1223","E3P6S4","1223",1,90,90
"1224","P0C847","1224",6,82,81.8333333333333
"1225","P0DKT2","1225",6,70,70
"1226","D5KXG5","1226",1,80,80
"1227","D5KXG6","1227",1,32,32
"1228","D5KXG8","1228",1,84,84
"1229","D5KXG9","1229",4,92,85
"1230","D5KXH1","1230",5,56,67.8
"1231","D5KXH3","1231",1,143,143
"1232","D5KXH4","1232",1,118,118
"1233","P0C844","1233",2,35,35.5
"1234","C0JB92","1234",204,274,277.980392156863
"1235","Q5WPU8","1235",1,301,301
"1236","C6ZH25","1236",1,117,117
"1237","D9U2A5","1237",13,89,91.0769230769231
"1238","D9U2B3","1238",1,54,54
"1239","P0CI84","1239",3,66,68.3333333333333
"1240","P0CI92","1240",1,62,62
"1241","P0CI94","1241",2,99,101.5
"1242","P0CI96","1242",7,77,74.5714285714286
"1243","P0CI97","1243",2,63,63
"1244","P0CJ02","1244",1,60,60
"1245","P0CJ03","1245",1,122,122
"1246","P0CJ04","1246",1,61,61
"1247","P0CJ05","1247",1,66,66
"1248","P0CJ06","1248",1,59,59
"1249","P0CJ07","1249",1,116,116
"1250","P0CJ08","1250",1,123,123
"1251","P0CJ09","1251",1,113,113
"1252","P0CJ10","1252",1,101,101
"1253","P0CJ11","1253",1,73,73
"1254","P0CJ12","1254",1,94,94
"1255","P0CJ14","1255",1,93,93
"1256","P0CJ15","1256",1,96,96
"1257","P0CJ16","1257",1,92,92
"1258","P0CJ17","1258",1,62,62
"1259","P0CJ18","1259",1,145,145
"1260","P0CJ19","1260",1,59,59
"1261","R4GUQ1","1261",3,60,60
"1262","P0C7S8","1262",1,11,11
"1263","P58396","1263",1,14,14
"1264","A9QQ26","1264",1,375,375
"1265","B6DCV0","1265",112,114,110.714285714286
"1266","B6DD01","1266",60,77,76.75
"1267","B6DD19","1267",10,120,120
"1268","B6DD30","1268",6,105,106.166666666667
"1269","B6DD40","1269",23,87,90.3478260869565
"1270","B6DD54","1270",8,81,82.125
"1271","P0C2U7","1271",2,18,18
"1272","P0C2U8","1272",2,26,26.5
"1273","P0C2U9","1273",1,19,19
"1274","P0C2V0","1274",1,21,21
"1275","P0DV71","1275",3,23,24.3333333333333
"1276","P0DQI8","1276",2,51,51
"1277","P0DQI9","1277",1,57,57
"1278","P0DQJ0","1278",2,65,65
"1279","C0HL98","1279",1,13,13
"1280","P0C2V2","1280",2,65,65
"1281","P83557","1281",1,38,38
"1282","P83560","1282",60,105,113.266666666667
"1283","P83561","1283",2,79,80
"1284","Q75WG5","1284",1,70,70
"1285","Q75WG6","1285",3,75,79
"1286","Q75WH1","1286",1,99,99
"1287","Q75WH6","1287",3,77,78
"1288","P0DL75","1288",3,78,81
"1289","P61232","1289",1,29,29
"1290","P61233","1290",1,43,43
"1291","P0CJ33","1291",1,13,13
"1292","P81375","1292",1,107,107
"1293","W8EFS0","1293",1,408,408
"1294","A0A6G9KHE5","1294",1,55,55
"1295","A0A6G9KIR5","1295",1,60,60
"1296","A0A6G9KIT6","1296",1,57,57
"1297","A0A6G9KJV6","1297",10,81,84.3
"1298","P0DP56","1298",1,238,238
"1299","P86170","1299",1,18,18
"1300","C0HJQ7","1300",29,37,36.551724137931
"1301","E4VP04","1301",2,60,60.5
"1302","E4VP50","1302",6,69,75.8333333333333
"1303","P0CH58","1303",1,56,56
"1304","P15222","1304",15,35,35.5333333333333
"1305","B3EWY0","1305",1,29,29
"1306","A0ASK0","1306",9,54,54.3333333333333
"1307","D2CFI7","1307",1,123,123
"1308","P0C5S7","1308",1,15,15
"1309","P0C8M2","1309",1,40,40
"1310","P0CF76","1310",1,15,15
"1311","P0DJ47","1311",1,70,70
"1312","P0DL65","1312",6,58,59.5
"1313","P0DMR9","1313",2,31,31
"1314","P0DQT8","1314",6,61,61.6666666666667
"1315","P0DUK8","1315",33,38,37.8787878787879
"1316","P0DV30","1316",2,32,34
"1317","P58570","1317",1,20,20
"1318","Q5F1N4","1318",2,78,80.5
"1319","Q7M463","1319",1,29,29
"1320","Q86RQ7","1320",1,89,89
"1321","Q95NJ8","1321",2,55,56
"1322","Q95P88","1322",3,61,63
"1323","Q95P89","1323",1,60,60
"1324","Q9NJP7","1324",12,56,57.25
"1325","Q9UAD0","1325",4,59,60
"1326","Q9Y0X4","1326",14,72,79.9285714285714
"1327","Q9Y0X5","1327",1,57,57
"1328","Q9Y0X6","1328",1,200,200
"1329","U6BLN5","1329",4,393,387.75
"1330","A0A1R3S3A8","1330",1,98,98
"1331","P11495","1331",1,36,36
"1332","P0DJ43","1332",1,169,169
"1333","P0DM47","1333",1,15,15
"1334","P0DM46","1334",1,15,15
"1335","P86421","1335",1,59,59
"1336","P86425","1336",1,29,29
"1337","C0HLB8","1337",1,32,32
"1338","P0DJB0","1338",1,12,12
"1339","P21792","1339",9,28,28.7777777777778
"1340","Q9PRQ2","1340",1,26,26
"1341","Q9PRQ3","1341",1,28,28
"1342","Q9PRQ4","1342",1,25,25
"1343","P0CAR2","1343",1,47,47
"1344","P0CAR3","1344",2,21,23
"1345","P0CAR5","1345",1,27,27
"1346","P0CAR6","1346",1,16,16
"1347","P0CAR7","1347",1,43,43
"1348","P25072","1348",1,12,12
"1349","P0DUC2","1349",31,38,35.5483870967742
"1350","Q76CA2","1350",1,275,275
"1351","C0H694","1351",3,81,81.6666666666667
"1352","P0DSJ5","1352",1,84,84
"1353","P0DSJ6","1353",1,62,62
"1354","P0DSJ7","1354",2,64,65.5
"1355","P0DSK1","1355",2,46,47.5
"1356","P0DSK3","1356",1,135,135
"1357","P0DSK6","1357",2,111,112.5
"1358","P0DSL4","1358",2,80,83.5
"1359","P0C023","1359",1,23,23
"1360","Q07932","1360",2,112,101.5
"1361","P0DSL0","1361",1,10,10
"1362","P62390","1362",194,62,63.8762886597938
"1363","P0C547","1363",1,21,21
"1364","P86303","1364",1,10,10
"1365","P86304","1365",1,10,10
"1366","P86305","1366",1,10,10
"1367","P86306","1367",1,12,12
"1368","P86311","1368",5,13,13
"1369","Q7M3P1","1369",1,8,8
"1370","Q9TWR5","1370",1,20,20
"1371","C0HJM7","1371",1,10,10
"1372","P83893","1372",3,64,66.6666666666667
"1373","P83911","1373",3,43,43.6666666666667
"1374","P84014","1374",7,55,55.5714285714286
"1375","P58912","1375",3,488,495.666666666667
"1376","P84851","1376",1,23,23
"1377","C0HJB1","1377",8,32,32
"1378","A0A088MI62","1378",11,61,61.3636363636364
"1379","A0A088MIT0","1379",1,134,134
"1380","P86811","1380",1,8,8
"1381","P86812","1381",1,9,9
"1382","P86813","1382",3,10,11.3333333333333
"1383","P86819","1383",2,10,10.5
"1384","P86820","1384",1,8,8
"1385","Q8MMG9","1385",1,585,585
"1386","Q8MMH0","1386",1,109,109
"1387","Q8MMH3","1387",1,488,488
"1388","Q8MMH4","1388",1,78,78
"1389","Q8MMH5","1389",1,61,61
"1390","Q8T0W1","1390",1,115,115
"1391","Q8T0W2","1391",1,203,203
"1392","Q8T0W3","1392",1,63,63
"1393","P86916","1393",1,89,89
"1394","P83258","1394",11,36,37.1818181818182
"1395","P84892","1395",1,8,8
"1396","P84897","1396",2,10,10.5
"1397","P84898","1397",3,11,11
"1398","P85165","1398",2,10,10
"1399","P86426","1399",1,8,8
"1400","P86427","1400",1,8,8
"1401","P86428","1401",1,6,6
"1402","P0DQR9","1402",2,196,219
"1403","P0DV13","1403",1,29,29
"1404","A0A6B9KZ02","1404",1,127,127
"1405","A0A6B9KZ30","1405",1,132,132
"1406","A0A6B9KZ40","1406",1,377,377
"1407","A0A6B9KZ59","1407",1,139,139
"1408","A0A6B9KZ66","1408",1,68,68
"1409","A0A6B9KZ83","1409",3,54,57.6666666666667
"1410","A0A6B9KZ90","1410",1,628,628
"1411","A0A6B9KZA1","1411",1,54,54
"1412","A0A6B9L1A2","1412",1,106,106
"1413","A0A6B9L1F0","1413",1,73,73
"1414","A0A6B9L3M7","1414",3,96,96.6666666666667
"1415","A0A6B9L3R4","1415",2,129,131
"1416","A0A6B9L4Z7","1416",1,59,59
"1417","A0A6B9L664","1417",2,141,146.5
"1418","A0A6B9L6A5","1418",1,240,240
"1419","A0A6B9L6D3","1419",2,48,51.5
"1420","A0A6B9L8T7","1420",2,114,114
"1421","A0A6B9L8Y4","1421",1,63,63
"1422","P0DL38","1422",3,77,79.3333333333333
"1423","P34079","1423",2,44,45
"1424","P36984","1424",1,61,61
"1425","P36986","1425",2,45,45.5
"1426","P36987","1426",1,24,24
"1427","P36989","1427",1,46,46
"1428","P36990","1428",1,49,49
"1429","P0DUJ4","1429",1,28,28
"1430","Q2XXL4","1430",1,115,115
"1431","P69842","1431",2,13,13
"1432","P69847","1432",1,25,25
"1433","Q6Q252","1433",19,337,314.368421052632
"1434","P83542","1434",1,42,42
"1435","P01517","1435",1,14,14
"1436","P85879","1436",1,14,14
"1437","P85880","1437",1,17,17
"1438","P85873","1438",1,11,11
"1439","P85874","1439",3,17,17
"1440","P85875","1440",1,12,12
"1441","P0DV63","1441",1,22,22
"1442","C0HKQ9","1442",2,21,21.5
"1443","P0C1R0","1443",1,12,12
"1444","P84388","1444",1,14,14
"1445","P84389","1445",1,14,14
"1446","P84914","1446",1,14,14
"1447","P0C1X4","1447",1,85,85
"1448","P86166","1448",1,34,34
"1449","P0C8G7","1449",2,286,286
"1450","P0DQO9","1450",2,565,565
"1451","B3EWG8","1451",1,10,10
"1452","P85159","1452",1,9,9
"1453","P86295","1453",1,18,18
"1454","P85005","1454",1,15,15
"1455","P85006","1455",1,28,28
"1456","P18619","1456",39,483,456.692307692308
"1457","P0DM88","1457",1,123,123
"1458","P0C2D6","1458",2,24,25.5
"1459","P0C7S7","1459",1,11,11
"1460","P0C1Q5","1460",4,14,14
"1461","P0C1R1","1461",2,12,12
"1462","P0DM71","1462",2,19,20
"1463","P69034","1463",1,14,14
"1464","P69036","1464",4,14,14
"1465","P0C201","1465",1,86,86
"1466","Q7LZG3","1466",1,34,34
"1467","P0DKR4","1467",1,20,20
"1468","P82972","1468",2,37,37.5
"1469","A7X3W6","1469",2,111,111
"1470","A7X4M1","1470",1,118,118
"1471","C0HLS2","1471",2,27,30
"1472","P0DSL8","1472",2,33,33
"1473","P0DSL9","1473",3,29,29
"1474","P59072","1474",1,11,11
"1475","P59073","1475",1,15,15
"1476","Q9W7J4","1476",103,154,143.553398058252
"1477","U5KJM6","1477",10,184,190.1
"1478","Q07338","1478",2,289,284
"1479","D1MZV3","1479",8,161,191.25
"1480","A0A141SFN5","1480",7,95,98.5714285714286
"1481","C5H8E7","1481",1,98,98
"1482","D9IFL3","1482",1,164,164
"1483","I6VXS1","1483",1,195,195
"1484","Q8WPI2","1484",5,142,147
"1485","C0HLR6","1485",11,49,59.6363636363636
"1486","E7CLP1","1486",1,83,83
"1487","P86990","1487",2,34,34.5
"1488","P86991","1488",1,28,28
"1489","P43318","1489",1,32,32
"1490","P0DV01","1490",1,14,14
"1491","A0A023W168","1491",4,122,130.5
"1492","P0DPW8","1492",9,66,73.1111111111111
"1493","P0DPY7","1493",9,101,101.666666666667
"1494","P0DPZ5","1494",2,132,132.5
"1495","P0DQC3","1495",4,90,92
"1496","P0DQE3","1496",3,113,110.333333333333
"1497","P0C8B6","1497",1,13,13
"1498","P0C8C0","1498",1,19,19
"1499","P0C8C1","1499",1,18,18
"1500","P0C8C3","1500",1,9,9
"1501","P0C8C5","1501",1,14,14
"1502","P0C8C7","1502",1,18,18
"1503","P0C8C9","1503",2,17,19
"1504","P0C8D0","1504",1,10,10
"1505","P0C8D4","1505",2,30,30.5
"1506","P0DPT8","1506",1,28,28
"1507","P0DPU1","1507",5,210,210
"1508","P0DPU3","1508",1,577,577
"1509","P0DPU6","1509",1,197,197
"1510","P0DPU7","1510",7,78,77.8571428571429
"1511","P0DPU8","1511",2,105,105
"1512","P0DPV6","1512",6,76,75.8333333333333
"1513","P0DPW9","1513",6,65,66.3333333333333
"1514","P0DQB8","1514",3,73,73
"1515","P0DQE1","1515",1,109,109
"1516","A0A023W0V6","1516",1,74,74
"1517","P0DPY2","1517",1,96,96
"1518","P0DPZ4","1518",1,182,182
"1519","P0DPZ9","1519",1,89,89
"1520","P0DQA2","1520",10,219,226.4
"1521","P0DQA6","1521",3,88,88.3333333333333
"1522","P0DQB3","1522",3,61,61
"1523","P0DQE9","1523",1,107,107
"1524","P0DQF1","1524",1,70,70
"1525","P0DQF3","1525",2,69,70
"1526","P0DQF4","1526",1,82,82
"1527","I6RA66","1527",6,74,73.3333333333333
"1528","I6S3A9","1528",1,114,114
"1529","I6S7G5","1529",1,84,84
"1530","I6S7I0","1530",3,64,64
"1531","P0CH48","1531",1,21,21
"1532","P0CH49","1532",1,25,25
"1533","P0DL36","1533",1,112,112
"1534","P0DMD2","1534",1,32,32
"1535","P0DMD3","1535",4,105,105
"1536","P0DV64","1536",1,15,15
"1537","P0C8B7","1537",1,31,31
"1538","P0C8B9","1538",2,15,15
"1539","P0C8C2","1539",1,34,34
"1540","P0C8C4","1540",1,14,14
"1541","P0C8C6","1541",1,18,18
"1542","P0C8C8","1542",1,13,13
"1543","P0C8D2","1543",1,29,29
"1544","P0C8D3","1544",1,15,15
"1545","P0C8D7","1545",1,45,45
"1546","P0C8D8","1546",2,12,12.5
"1547","P0DQV8","1547",1,144,144
"1548","P0DQV9","1548",1,113,113
"1549","P60254","1549",3,33,33
"1550","P0DL35","1550",3,66,66
"1551","P0DM55","1551",1,94,94
"1552","P0DM56","1552",1,62,62
"1553","P0DJO4","1553",37,69,69.8108108108108
"1554","A0A0A0V662","1554",2,60,65.5
"1555","P58605","1555",1,49,49
"1556","P61094","1556",1,18,18
"1557","P61095","1557",8,46,46
"1558","P61504","1558",1,35,35
"1559","K7N5K9","1559",2,94,94
"1560","B2DCR8","1560",1,1052,1052
"1561","A5X2W8","1561",216,89,83.1111111111111
"1562","A5X2X1","1562",1,152,152
"1563","P0DJN8","1563",12,23,23
"1564","P35776","1564",5,119,133.8
"1565","P0DUU7","1565",2,12,12
"1566","P0DUV1","1566",2,10,10
"1567","P0DSO7","1567",1,49,49
"1568","B1B5J0","1568",2,86,86
"1569","P0C7W7","1569",2,28,28.5
"1570","P29187","1570",1,35,35
"1571","E2S063","1571",8,74,75.5
"1572","P0DMX4","1572",2,40,40
"1573","Q91453","1573",7,700,700.857142857143
"1574","C1IBY2","1574",11,255,250.727272727273
"1575","C8YJB4","1575",4,76,76
"1576","Q9U8X3","1576",1,67,67
"1577","P0DN44","1577",4,87,91.25
"1578","P0DN55","1578",4,89,95
"1579","P0DN57","1579",1,85,85
"1580","P0DN60","1580",1,113,113
"1581","P0DN65","1581",1,97,97
"1582","P0DN66","1582",2,190,198.5
"1583","P0C1T6","1583",1,85,85
"1584","P0C1T7","1584",1,71,71
"1585","P0C1T8","1585",1,41,41
"1586","P0DN47","1586",2,62,62
"1587","P0DN54","1587",7,80,82.2857142857143
"1588","P0DN59","1588",2,72,72
"1589","P0DN62","1589",2,77,77
"1590","A0A0B4J184","1590",1,21,21
"1591","A0A088SG62","1591",2,68,73.5
"1592","A0A6M3Z4E7","1592",2,36,36.5
"1593","A0A6M3Z554","1593",1,58,58
"1594","A0A6M6RE84","1594",2,57,58
"1595","P0DSI4","1595",3,56,58
"1596","P0DSI6","1596",2,54,54
"1597","P69438","1597",1,24,24
"1598","P0DUJ6","1598",1,103,103
"1599","Q66S03","1599",1,159,159
"1600","Q66S08","1600",1,71,71
"1601","Q66S17","1601",4,364,370.5
"1602","P0DPV7","1602",1,52,52
"1603","P0DPV8","1603",2,70,75.5
"1604","P0DPW0","1604",1,50,50
"1605","P0DPW2","1605",2,60,60
"1606","P0DPW3","1606",1,88,88
"1607","P0DQE8","1607",1,98,98
"1608","P56608","1608",210,62,69.7428571428571
"1609","P56610","1609",2,19,19
"1610","Q0GY42","1610",1,47,47
"1611","Q5G8B6","1611",57,59,60.2631578947368
"1612","P0C1X5","1612",1,34,34
"1613","P0CF77","1613",1,36,36
"1614","P60261","1614",1,13,13
"1615","P60262","1615",3,29,27.3333333333333
"1616","P0DQU4","1616",1,18,18
"1617","A0A1D3IY23","1617",4,65,70.5
"1618","A0A6P3CW73","1618",1,58,58
"1619","H1ZZI2","1619",93,89,81.8494623655914
"1620","P0DQT2","1620",2,17,17
"1621","P84676","1621",1,10,10
"1622","P84677","1622",1,8,8
"1623","P84678","1623",1,8,8
"1624","P84679","1624",1,10,10
"1625","P84680","1625",1,10,10
"1626","P84681","1626",1,10,10
"1627","P84682","1627",1,10,10
"1628","P84683","1628",1,9,9
"1629","P84685","1629",6,85,84.5
"1630","P84686","1630",1,10,10
"1631","P84689","1631",1,10,10
"1632","P84690","1632",1,10,10
"1633","P84691","1633",1,10,10
"1634","P84692","1634",1,10,10
"1635","P84694","1635",1,10,10
"1636","P0DL22","1636",1,25,25
"1637","P0DL23","1637",1,38,38
"1638","P0DL25","1638",1,39,39
"1639","P0DW31","1639",2,20,20
"1640","A0A218QX39","1640",1,70,70
"1641","A0A218QX58","1641",2,402,404
"1642","A0A218QXT6","1642",4,65,64.25
"1643","A0A7S8MU59","1643",1,72,72
"1644","A0A7S8MU78","1644",1,87,87
"1645","A0A7S8MU86","1645",1,87,87
